{"data":{"site":{"siteMetadata":{"lang":"el","title":"biT Automations","description":"Smart Home and Building Solutions, KNX Partner","author":"biT Automations","image":"/bit-automations-logo.png","siteUrl":"https://bitautomations.gr","keywords":["knx","smart home","έξυπνο σπίτι","έξυπνο κτίριο","έξυπνο σπίτι κόστος","εγκατάσταση έξυπνο σπίτι","αυτομαστισμοί κτιρίου","αυτοματισμοί σπιτιού","home assistant","voice control","dali","knx partner"]}}}}