{"name":"build-javascript","namedChunkGroups":{"app":{"name":"app","assets":[{"name":"webpack-runtime-93ad8ce926090d5e47be.js","size":4254},{"name":"styles.631c6ca7dde223254d9e.css","size":28698},{"name":"framework-f285062c0b1469ecda6c.js","size":140334},{"name":"app-4705ff02d036a8499a86.js","size":100411}],"filteredAssets":0,"assetsSize":273697,"filteredAuxiliaryAssets":3,"auxiliaryAssetsSize":739245},"component---src-pages-404-js":{"name":"component---src-pages-404-js","assets":[{"name":"component---src-pages-404-js-18ed2dc1d80dcf9911b6.js","size":773}],"filteredAssets":0,"assetsSize":773,"filteredAuxiliaryAssets":1,"auxiliaryAssetsSize":1951},"component---src-pages-about-js":{"name":"component---src-pages-about-js","assets":[{"name":"styles.631c6ca7dde223254d9e.css","size":28698},{"name":"fea29d9f-b404bca256b65da007a8.js","size":509},{"name":"41155975-2a4c988e3b2e49f60046.js","size":621},{"name":"cb355538-33c2e0ab5c18d272e199.js","size":1241},{"name":"dcc6f4bceb07680c43983133bc1ef4f0674044b9-439e05c6b2d5d605c64c.js","size":29047},{"name":"component---src-pages-about-js-22034cc772a913263d8a.js","size":3115}],"filteredAssets":0,"assetsSize":63231,"filteredAuxiliaryAssets":5,"auxiliaryAssetsSize":5639133},"component---src-pages-index-js":{"name":"component---src-pages-index-js","assets":[{"name":"styles.631c6ca7dde223254d9e.css","size":28698},{"name":"fea29d9f-b404bca256b65da007a8.js","size":509},{"name":"41155975-2a4c988e3b2e49f60046.js","size":621},{"name":"cb355538-33c2e0ab5c18d272e199.js","size":1241},{"name":"dcc6f4bceb07680c43983133bc1ef4f0674044b9-439e05c6b2d5d605c64c.js","size":29047},{"name":"6d05f78d017bf43cf9d81c2448eb508e1c42875f-b5c997ceb8890bfe476d.js","size":101693},{"name":"component---src-pages-index-js-5cdbfc1b3c61dd6476ee.js","size":22454}],"filteredAssets":0,"assetsSize":184263,"filteredAuxiliaryAssets":6,"auxiliaryAssetsSize":6004312},"component---src-pages-knx-index-js":{"name":"component---src-pages-knx-index-js","assets":[{"name":"styles.631c6ca7dde223254d9e.css","size":28698},{"name":"fea29d9f-b404bca256b65da007a8.js","size":509},{"name":"41155975-2a4c988e3b2e49f60046.js","size":621},{"name":"cb355538-33c2e0ab5c18d272e199.js","size":1241},{"name":"dcc6f4bceb07680c43983133bc1ef4f0674044b9-439e05c6b2d5d605c64c.js","size":29047},{"name":"component---src-pages-knx-index-js-5ce30283a03e679d51a9.js","size":47236}],"filteredAssets":0,"assetsSize":107352,"filteredAuxiliaryAssets":5,"auxiliaryAssetsSize":5667291},"component---src-pages-projects-index-js":{"name":"component---src-pages-projects-index-js","assets":[{"name":"styles.631c6ca7dde223254d9e.css","size":28698},{"name":"fea29d9f-b404bca256b65da007a8.js","size":509},{"name":"41155975-2a4c988e3b2e49f60046.js","size":621},{"name":"cb355538-33c2e0ab5c18d272e199.js","size":1241},{"name":"dcc6f4bceb07680c43983133bc1ef4f0674044b9-439e05c6b2d5d605c64c.js","size":29047},{"name":"6d05f78d017bf43cf9d81c2448eb508e1c42875f-b5c997ceb8890bfe476d.js","size":101693},{"name":"component---src-pages-projects-index-js-a1c1f934e7374f5fb150.js","size":77461}],"filteredAssets":0,"assetsSize":239270,"filteredAuxiliaryAssets":6,"auxiliaryAssetsSize":6020610},"component---src-pages-services-index-js":{"name":"component---src-pages-services-index-js","assets":[{"name":"styles.631c6ca7dde223254d9e.css","size":28698},{"name":"fea29d9f-b404bca256b65da007a8.js","size":509},{"name":"41155975-2a4c988e3b2e49f60046.js","size":621},{"name":"cb355538-33c2e0ab5c18d272e199.js","size":1241},{"name":"dcc6f4bceb07680c43983133bc1ef4f0674044b9-439e05c6b2d5d605c64c.js","size":29047},{"name":"component---src-pages-services-index-js-6fcbffa495a2701ce136.js","size":38481}],"filteredAssets":0,"assetsSize":98597,"filteredAuxiliaryAssets":5,"auxiliaryAssetsSize":5658644}},"assetsByChunkName":{"app":["webpack-runtime-93ad8ce926090d5e47be.js","styles.631c6ca7dde223254d9e.css","framework-f285062c0b1469ecda6c.js","app-4705ff02d036a8499a86.js"],"component---src-pages-404-js":["component---src-pages-404-js-18ed2dc1d80dcf9911b6.js"],"component---src-pages-about-js":["styles.631c6ca7dde223254d9e.css","fea29d9f-b404bca256b65da007a8.js","41155975-2a4c988e3b2e49f60046.js","cb355538-33c2e0ab5c18d272e199.js","dcc6f4bceb07680c43983133bc1ef4f0674044b9-439e05c6b2d5d605c64c.js","component---src-pages-about-js-22034cc772a913263d8a.js"],"component---src-pages-index-js":["styles.631c6ca7dde223254d9e.css","fea29d9f-b404bca256b65da007a8.js","41155975-2a4c988e3b2e49f60046.js","cb355538-33c2e0ab5c18d272e199.js","dcc6f4bceb07680c43983133bc1ef4f0674044b9-439e05c6b2d5d605c64c.js","6d05f78d017bf43cf9d81c2448eb508e1c42875f-b5c997ceb8890bfe476d.js","component---src-pages-index-js-5cdbfc1b3c61dd6476ee.js"],"component---src-pages-knx-index-js":["styles.631c6ca7dde223254d9e.css","fea29d9f-b404bca256b65da007a8.js","41155975-2a4c988e3b2e49f60046.js","cb355538-33c2e0ab5c18d272e199.js","dcc6f4bceb07680c43983133bc1ef4f0674044b9-439e05c6b2d5d605c64c.js","component---src-pages-knx-index-js-5ce30283a03e679d51a9.js"],"component---src-pages-projects-index-js":["styles.631c6ca7dde223254d9e.css","fea29d9f-b404bca256b65da007a8.js","41155975-2a4c988e3b2e49f60046.js","cb355538-33c2e0ab5c18d272e199.js","dcc6f4bceb07680c43983133bc1ef4f0674044b9-439e05c6b2d5d605c64c.js","6d05f78d017bf43cf9d81c2448eb508e1c42875f-b5c997ceb8890bfe476d.js","component---src-pages-projects-index-js-a1c1f934e7374f5fb150.js"],"component---src-pages-services-index-js":["styles.631c6ca7dde223254d9e.css","fea29d9f-b404bca256b65da007a8.js","41155975-2a4c988e3b2e49f60046.js","cb355538-33c2e0ab5c18d272e199.js","dcc6f4bceb07680c43983133bc1ef4f0674044b9-439e05c6b2d5d605c64c.js","component---src-pages-services-index-js-6fcbffa495a2701ce136.js"]},"childAssetsByChunkName":{}}