{"name":"build-javascript","namedChunkGroups":{"app":{"name":"app","assets":[{"name":"webpack-runtime-6b384d0d1f3d778dc5e4.js","size":4261},{"name":"styles.0dbd449a6cc96a20d77f.css","size":28724},{"name":"framework-f285062c0b1469ecda6c.js","size":140334},{"name":"app-f62915d9d759d69322ae.js","size":100418}],"filteredAssets":0,"assetsSize":273737,"filteredAuxiliaryAssets":3,"auxiliaryAssetsSize":739280},"component---src-pages-404-js":{"name":"component---src-pages-404-js","assets":[{"name":"component---src-pages-404-js-18ed2dc1d80dcf9911b6.js","size":773}],"filteredAssets":0,"assetsSize":773,"filteredAuxiliaryAssets":1,"auxiliaryAssetsSize":1951},"component---src-pages-about-js":{"name":"component---src-pages-about-js","assets":[{"name":"styles.0dbd449a6cc96a20d77f.css","size":28724},{"name":"fea29d9f-b404bca256b65da007a8.js","size":509},{"name":"41155975-2a4c988e3b2e49f60046.js","size":621},{"name":"cb355538-33c2e0ab5c18d272e199.js","size":1241},{"name":"efcd5ad9f293418589cf1964cc4c22f7535ac598-ff7d4c2e49d3ebbe341c.js","size":27013},{"name":"component---src-pages-about-js-22034cc772a913263d8a.js","size":3115}],"filteredAssets":0,"assetsSize":61223,"filteredAuxiliaryAssets":5,"auxiliaryAssetsSize":5638796},"component---src-pages-index-js":{"name":"component---src-pages-index-js","assets":[{"name":"styles.0dbd449a6cc96a20d77f.css","size":28724},{"name":"fea29d9f-b404bca256b65da007a8.js","size":509},{"name":"41155975-2a4c988e3b2e49f60046.js","size":621},{"name":"cb355538-33c2e0ab5c18d272e199.js","size":1241},{"name":"efcd5ad9f293418589cf1964cc4c22f7535ac598-ff7d4c2e49d3ebbe341c.js","size":27013},{"name":"6d05f78d017bf43cf9d81c2448eb508e1c42875f-b5c997ceb8890bfe476d.js","size":101693},{"name":"component---src-pages-index-js-4e6ffa17748e6b5be4db.js","size":22461}],"filteredAssets":0,"assetsSize":182262,"filteredAuxiliaryAssets":6,"auxiliaryAssetsSize":6003982},"component---src-pages-projects-index-js":{"name":"component---src-pages-projects-index-js","assets":[{"name":"styles.0dbd449a6cc96a20d77f.css","size":28724},{"name":"fea29d9f-b404bca256b65da007a8.js","size":509},{"name":"41155975-2a4c988e3b2e49f60046.js","size":621},{"name":"cb355538-33c2e0ab5c18d272e199.js","size":1241},{"name":"efcd5ad9f293418589cf1964cc4c22f7535ac598-ff7d4c2e49d3ebbe341c.js","size":27013},{"name":"6d05f78d017bf43cf9d81c2448eb508e1c42875f-b5c997ceb8890bfe476d.js","size":101693},{"name":"component---src-pages-projects-index-js-a1c1f934e7374f5fb150.js","size":77461}],"filteredAssets":0,"assetsSize":237262,"filteredAuxiliaryAssets":6,"auxiliaryAssetsSize":6020273},"component---src-pages-services-index-js":{"name":"component---src-pages-services-index-js","assets":[{"name":"styles.0dbd449a6cc96a20d77f.css","size":28724},{"name":"fea29d9f-b404bca256b65da007a8.js","size":509},{"name":"41155975-2a4c988e3b2e49f60046.js","size":621},{"name":"cb355538-33c2e0ab5c18d272e199.js","size":1241},{"name":"efcd5ad9f293418589cf1964cc4c22f7535ac598-ff7d4c2e49d3ebbe341c.js","size":27013},{"name":"component---src-pages-services-index-js-89b2d236a96c06a32795.js","size":38480}],"filteredAssets":0,"assetsSize":96588,"filteredAuxiliaryAssets":5,"auxiliaryAssetsSize":5658306},"component---src-pages-smart-home-index-js":{"name":"component---src-pages-smart-home-index-js","assets":[{"name":"styles.0dbd449a6cc96a20d77f.css","size":28724},{"name":"fea29d9f-b404bca256b65da007a8.js","size":509},{"name":"41155975-2a4c988e3b2e49f60046.js","size":621},{"name":"cb355538-33c2e0ab5c18d272e199.js","size":1241},{"name":"efcd5ad9f293418589cf1964cc4c22f7535ac598-ff7d4c2e49d3ebbe341c.js","size":27013},{"name":"component---src-pages-smart-home-index-js-ad198b1f9613b500a1a2.js","size":47263}],"filteredAssets":0,"assetsSize":105371,"filteredAuxiliaryAssets":5,"auxiliaryAssetsSize":5666989}},"assetsByChunkName":{"app":["webpack-runtime-6b384d0d1f3d778dc5e4.js","styles.0dbd449a6cc96a20d77f.css","framework-f285062c0b1469ecda6c.js","app-f62915d9d759d69322ae.js"],"component---src-pages-404-js":["component---src-pages-404-js-18ed2dc1d80dcf9911b6.js"],"component---src-pages-about-js":["styles.0dbd449a6cc96a20d77f.css","fea29d9f-b404bca256b65da007a8.js","41155975-2a4c988e3b2e49f60046.js","cb355538-33c2e0ab5c18d272e199.js","efcd5ad9f293418589cf1964cc4c22f7535ac598-ff7d4c2e49d3ebbe341c.js","component---src-pages-about-js-22034cc772a913263d8a.js"],"component---src-pages-index-js":["styles.0dbd449a6cc96a20d77f.css","fea29d9f-b404bca256b65da007a8.js","41155975-2a4c988e3b2e49f60046.js","cb355538-33c2e0ab5c18d272e199.js","efcd5ad9f293418589cf1964cc4c22f7535ac598-ff7d4c2e49d3ebbe341c.js","6d05f78d017bf43cf9d81c2448eb508e1c42875f-b5c997ceb8890bfe476d.js","component---src-pages-index-js-4e6ffa17748e6b5be4db.js"],"component---src-pages-projects-index-js":["styles.0dbd449a6cc96a20d77f.css","fea29d9f-b404bca256b65da007a8.js","41155975-2a4c988e3b2e49f60046.js","cb355538-33c2e0ab5c18d272e199.js","efcd5ad9f293418589cf1964cc4c22f7535ac598-ff7d4c2e49d3ebbe341c.js","6d05f78d017bf43cf9d81c2448eb508e1c42875f-b5c997ceb8890bfe476d.js","component---src-pages-projects-index-js-a1c1f934e7374f5fb150.js"],"component---src-pages-services-index-js":["styles.0dbd449a6cc96a20d77f.css","fea29d9f-b404bca256b65da007a8.js","41155975-2a4c988e3b2e49f60046.js","cb355538-33c2e0ab5c18d272e199.js","efcd5ad9f293418589cf1964cc4c22f7535ac598-ff7d4c2e49d3ebbe341c.js","component---src-pages-services-index-js-89b2d236a96c06a32795.js"],"component---src-pages-smart-home-index-js":["styles.0dbd449a6cc96a20d77f.css","fea29d9f-b404bca256b65da007a8.js","41155975-2a4c988e3b2e49f60046.js","cb355538-33c2e0ab5c18d272e199.js","efcd5ad9f293418589cf1964cc4c22f7535ac598-ff7d4c2e49d3ebbe341c.js","component---src-pages-smart-home-index-js-ad198b1f9613b500a1a2.js"]},"childAssetsByChunkName":{}}