{"app":["/app-4705ff02d036a8499a86.js"],"component---src-pages-404-js":["/component---src-pages-404-js-18ed2dc1d80dcf9911b6.js"],"component---src-pages-about-js":["/component---src-pages-about-js-22034cc772a913263d8a.js"],"component---src-pages-index-js":["/component---src-pages-index-js-5cdbfc1b3c61dd6476ee.js"],"component---src-pages-knx-index-js":["/component---src-pages-knx-index-js-5ce30283a03e679d51a9.js"],"component---src-pages-projects-index-js":["/component---src-pages-projects-index-js-a1c1f934e7374f5fb150.js"],"component---src-pages-services-index-js":["/component---src-pages-services-index-js-6fcbffa495a2701ce136.js"]}